vote,created_at,urls,title
712,Thu Apr 5 19:52:31 2018 UTC,/r/dankmemes/comments/8a0yok/explain_this/,Explain this
vote,created_at,urls,title
726,Thu Apr 5 19:52:31 2018 UTC,/r/dankmemes/comments/8a0yok/explain_this/,Explain this
vote,created_at,urls,title
0,Fri Jan 3 02:49:03 2014 UTC,/r/dankmemes/comments/89j25v/reminder_memes_about_violent_tragedies_are_not/,Reminder: memes about violent tragedies are not allowed.
37.3k,Tue Apr 3 21:49:25 2018 UTC,/r/dankmemes/comments/89e9j0/thank_you_for_everything/,Thank you for everything
29.9k,last edited 1 day ago,/r/dankmemes/comments/89zfnu/memes_have_they_gone_too_far/,Memes: Have They Gone Too Far?
5916,Tue Apr 3 14:22:32 2018 UTC,/r/dankmemes/comments/8a0t3u/yall_did_this/,Y'all did this
17.4k,Thu Apr 5 12:53:55 2018 UTC,/r/dankmemes/comments/89z0mi/every_time/,Every time
1402,Thu Apr 5 15:46:49 2018 UTC,/r/dankmemes/comments/8a2nwz/had_to_reupload_because_i_dont_understand/,Had to reupload because I don't understand dankmemes' rules
1958,Thu Apr 5 11:50:10 2018 UTC,/r/dankmemes/comments/8a1pge/does_that_even_count_as_a_house/,Does that even count as a house?
2400,Thu Apr 5 19:21:34 2018 UTC,/r/dankmemes/comments/8a0ycp/you_just_havent_found_the_right_strain_yet/,yOu JuSt HaVen't FoUnD tHe rIgHt StRaiN YeT
7859,Thu Apr 5 17:31:29 2018 UTC,/r/dankmemes/comments/89yzxz/911_was_bad_though/,9/11 was bad though
1194,Thu Apr 5 16:03:59 2018 UTC,/r/dankmemes/comments/8a28pt/damn_thats_deep/,Damn thatâ€™s deep
4756,Thu Apr 5 11:47:08 2018 UTC,/r/dankmemes/comments/89zj1u/typical_norm/,Typical Norm
4156,Thu Apr 5 18:32:12 2018 UTC,/r/dankmemes/comments/89zrlz/how_far_can_we_take_it/,How far can we take it
3745,Thu Apr 5 13:07:14 2018 UTC,/r/dankmemes/comments/89zp1e/the_one_and_only/,the one and only
2820,Thu Apr 5 13:39:20 2018 UTC,/r/dankmemes/comments/89zuwe/those_who_moderate_this_subreddit_have_the_large/,Those Who Moderate This Subreddit Have The Large Homosexuality
2836,Thu Apr 5 13:29:49 2018 UTC,/r/dankmemes/comments/89ztlv/the_more_you_know_the_better/,"The more you know, the better!"
1506,Thu Apr 5 13:51:50 2018 UTC,/r/dankmemes/comments/8a0srk/i_fuck_a_bitch_i_forgot_her_name/,I fuck a bitch I forgot her name
2149,Thu Apr 5 13:47:28 2018 UTC,/r/dankmemes/comments/89zuqq/they_must_be_super_important/,They must be super important!
3492,Thu Apr 5 15:45:51 2018 UTC,/r/dankmemes/comments/89z6mu/if_only_mark_zuckerberg_could_do_this_for_us/,If only Mark Zuckerberg could do this for us
6822,Thu Apr 5 13:51:16 2018 UTC,/r/dankmemes/comments/89yhfs/wise_words/,Wise words
570,Thu Apr 5 12:15:56 2018 UTC,/r/dankmemes/comments/8a2x67/robots_wont_get_this_one_right/,Robots won't get this one right
1723,Thu Apr 5 10:11:18 2018 UTC,/r/dankmemes/comments/89zzul/adios/,Adios
7186,Thu Apr 5 19:52:31 2018 UTC,/r/dankmemes/comments/89y60k/the_best_music_there_is/,The best music there is
1753,Thu Apr 5 14:09:07 2018 UTC,/r/dankmemes/comments/89zu46/2_wasnt_enough/,2 wasn't enough
2280,Thu Apr 5 09:03:25 2018 UTC,https://i.imgur.com/P6AWhJk.png,He was #1
4339,Thu Apr 5 13:49:10 2018 UTC,/r/dankmemes/comments/89ygzl/black_pussies_are_bad_luck/,Black pussies are bad luck
780,Thu Apr 5 12:23:20 2018 UTC,/r/dankmemes/comments/8a1gqp/can_you/,Can you?
833,Thu Apr 5 10:09:06 2018 UTC,/r/dankmemes/comments/8a104i/seize_the_memes_of_production_from_the_modz/,seize the memes of production from the modz
